document_name,pipeline_highlight,correction,quality,supposed_cause,context,correct_label,possible_solution,comments
1919_Horwood_blackthorn_Cacopsylla_pruni_UK_translation,NA,5 ion,false_negative,"text_extraction_issue,unknown_lexeme","Blackberry, Blackthorn, Blackthorn-May, Buckthorn, Bullens, Bullies, Bullins, Bullister, Cat's-sloes, Eggpeg Bushes, Hedge Picks, Hedge Speaks, Heg Peg Bushes, Hep, Winter Kecksies, May Blackthorn, Quick Scrog, Skig Slaathorn, Slacen-bush, Slan, Slaunbush, 5 ion, Slone Bloom, Sloobush, Slines, Snag, Snagbush, Winter Picks",habitat,"add_pattern,taxon_autocorrector",
1919_Horwood_blackthorn_Cacopsylla_pruni_UK_translation,NA,7: detule,false_negative,text_extraction_issue,"Otiorhynchus picipes, Monochetus sulcatus, Magdalinus prani, Rhynchites auratus, the Hymenopterous insects Andrena bucephala, Eriocampa adumbrata, Lepidoptera Black — Hairstreak (Thecla pruni), Scarlet T (Callimorpha dominula), Vellow Tail Moth (Liparis auriflua), Grey Dagger (Aeronyata psi), White-lewter Hair- streak (Thecla W. album), Brown Hairstreak (7: detule), Short-cloaked Moth (Nola cucullatella), &c., and the Homopterous Capsus capilZaris",taxon,,
1955_Tamanini_Cacopsylla_pruni_Italie_première_identification_translation,Acer,Acer campestris ,too_narrow,unknown_lexeme,"Trentino, Garniga, on Acer campestris L., VII-1945 5 some specimens. Species widely Jata in Italy. ",taxon,add_lexeme,
1955_Tamanini_Cacopsylla_pruni_Italie_première_identification_translation,Acer,Acer campestris L. VII-1945 5,too_narrow,unknown_lexeme,"am. Psyiiiae Haupt. zarni is La, VIL-1945 5 # Rhinocola aceris (LLinn.) - Trentino, Garniga, on Acer campestris L., VII-1945 5 some specimens. ",taxon,add_lexeme,
2020_Gjonov_New_records_of_Hemiptera_from_the_Maltese_Islands_Cacopsylla_pruni_Malta_copie,NA,adelgid,false_negative,unknown_lexeme," The Sternorryncha of the Maltese Islands is represented by 99 aphids (Mirsup ef al, 2011; Mirsup et al., 2013), 1 phylloxerid (Mirsup et al., 2011), 1 adelgid (Mirsup & Pérez Hiwatco, 2012), 18 whiteflies (Matumpay & Mirsup, 2012, 2016), 21 jumping plant-lice (Mirsup, 2020) and 93 scale insects (Mirsup et al., 2014) for a total of 233 species. ",habitat,add_lexeme,
1919_Horwood_blackthorn_Cacopsylla_pruni_UK_translation,NA,Aeronyata psi,false_negative,unknown_lexeme,"Otiorhynchus picipes, Monochetus sulcatus, Magdalinus prani, Rhynchites auratus, the Hymenopterous insects Andrena bucephala, Eriocampa adumbrata, Lepidoptera Black — Hairstreak (Thecla pruni), Scarlet T (Callimorpha dominula), Vellow Tail Moth (Liparis auriflua), Grey Dagger (Aeronyata psi), White-lewter Hair- streak (Thecla W. album), Brown Hairstreak (7: detule), Short-cloaked Moth (Nola cucullatella), &c., and the Homopterous Capsus capilZaris",taxon,add_lexeme,
2012_Ozgen_Psyllids_Anatolie_translation,Agonoscena pistaciae ,"Agonoscena pistaciae Burckhardt & Lauterer, 1989",too_narrow,unknown_lexeme,"These species were Cyamophila glycyrrhizae (Becker, 1864), Spanioneura pechai (Klimaszewski &Lodos, 1977), Homotoma ficus (Linnaeus, 1758), Euphyllura straminea Loginova, 1973,Trioza magnisetosa Loginova, 1964, Aphalara grandicula (Gegechkori, 1981), Trioza neglecta Loginova, 1978, Trioza remota Foerster, 1848, Cacopsylla permixta Burckhardt & Hodkinson, 1986, Cacopsylla bidens (Sulc, 1907), Cacopsylla marianne (Baeva, 1966), and Agonoscena pistaciae Burckhardt & Lauterer, 1989",taxon,add_lexeme,
1955_Tamanini_Cacopsylla_pruni_Italie_première_identification_translation,Alnus viridis Delc.,"Alnus viridis Delc., 111-1951",too_narrow,unknown_lexeme," Psylla alpina Férst. - Trentino, Val Genova, Malga Cercen, on Alnus viridis Delc., 111-1951; numerous specimens.",taxon,add_lexeme,
2012_Ozgen_Psyllids_Anatolie_translation,Aphalara ,Aphalara grandicula,too_narrow,unknown_lexeme,"These species were Cyamophila glycyrrhizae (Becker, 1864), Spanioneura pechai (Klimaszewski &Lodos, 1977), Homotoma ficus (Linnaeus, 1758), Euphyllura straminea Loginova, 1973,Trioza magnisetosa Loginova, 1964, Aphalara grandicula (Gegechkori, 1981), Trioza neglecta Loginova, 1978, Trioza remota Foerster, 1848, Cacopsylla permixta Burckhardt & Hodkinson, 1986, Cacopsylla bidens (Sulc, 1907), Cacopsylla marianne (Baeva, 1966), and Agonoscena pistaciae Burckhardt & Lauterer, 1989",taxon,add_lexeme,
2012_Ozgen_Psyllids_Anatolie_translation,Aphalara ,"Aphalara grandicula (Gegechkori, 1981)",too_narrow,unknown_lexeme,"These species were Cyamophila glycyrrhizae (Becker, 1864), Spanioneura pechai (Klimaszewski &Lodos, 1977), Homotoma ficus (Linnaeus, 1758), Euphyllura straminea Loginova, 1973,Trioza magnisetosa Loginova, 1964, Aphalara grandicula (Gegechkori, 1981), Trioza neglecta Loginova, 1978, Trioza remota Foerster, 1848, Cacopsylla permixta Burckhardt & Hodkinson, 1986, Cacopsylla bidens (Sulc, 1907), Cacopsylla marianne (Baeva, 1966), and Agonoscena pistaciae Burckhardt & Lauterer, 1989",taxon,add_lexeme,
1955_Tamanini_Cacopsylla_pruni_Italie_première_identification_translation,Aphalara,Aphalara pieta Auet.,too_narrow,"unknown_lexeme,abbreviation",#Crespedolepta flavipennis (Forst.) (= Aphalara pieta Auet.),taxon,add_lexeme,
2020_Gjonov_New_records_of_Hemiptera_from_the_Maltese_Islands_Cacopsylla_pruni_Malta_copie,NA,Auchenorrhynchan,false_negative,morphological_variation,"The Auchenorrhynchan fauna of the Maltese Islands was first reviewed by D’Urso & Mirsup (2012), at that time including 46 species, with another being added by D’Urso (2016), and a further 24 recorded by D’Urso et al. (2019) totaling this suborder’s local representatives at 71. ",taxon,taxon_autocorrector,
2020_Gjonov_New_records_of_Hemiptera_from_the_Maltese_Islands_Cacopsylla_pruni_Malta_copie,NA,Auchenorryncha,false_negative,NA,"bringing the total species known of Auchenorryncha, Heteroptera and Sternorrhyncha to 80, 237, and 234 respectively.",taxon,,
1919_Horwood_blackthorn_Cacopsylla_pruni_UK_translation,NA,Bibionid,false_negative,NA,"Syrphide, Muscidae, Bibionid",habitat,,
1919_Horwood_blackthorn_Cacopsylla_pruni_UK_translation,Biorhiza,Biorhiza terminalis,too_narrow,unknown_lexeme,It is also galled by Cecidomyia praniand Biorhiza terminalis;,taxon,add_lexeme,
1919_Horwood_blackthorn_Cacopsylla_pruni_UK_translation,NA,Blackberry,false_negative,pattern_recognition,"Blackberry, Blackthorn, Blackthorn-May, Buckthorn, Bullens, Bullies, Bullins, Bullister, Cat's-sloes, Eggpeg Bushes, Hedge Picks, Hedge Speaks, Heg Peg Bushes, Hep, Winter Kecksies, May Blackthorn, Quick Scrog, Skig Slaathorn, Slacen-bush, Slan, Slaunbush, 5 ion, Slone Bloom, Sloobush, Slines, Snag, Snagbush, Winter Picks",habitat,,
1919_Horwood_blackthorn_Cacopsylla_pruni_UK_translation,NA,Blackthorn,false_negative,pattern_recognition,"Blackberry, Blackthorn, Blackthorn-May, Buckthorn, Bullens, Bullies, Bullins, Bullister, Cat's-sloes, Eggpeg Bushes, Hedge Picks, Hedge Speaks, Heg Peg Bushes, Hep, Winter Kecksies, May Blackthorn, Quick Scrog, Skig Slaathorn, Slacen-bush, Slan, Slaunbush, 5 ion, Slone Bloom, Sloobush, Slines, Snag, Snagbush, Winter Picks",habitat,,
1919_Horwood_blackthorn_Cacopsylla_pruni_UK_translation,NA,Blackthorn,false_negative,pattern_recognition,In Surrey it is always cold when the Blackthorn comes in flower. ,habitat,,
1919_Horwood_blackthorn_Cacopsylla_pruni_UK_translation,NA,Blackthorn blossoms,false_negative,NA,the Blackthorn blossoms make the otherwise dark growth of branches quite white in early spring.,habitat,,
1919_Horwood_blackthorn_Cacopsylla_pruni_UK_translation,NA,Blackthorn Chats,false_negative,pattern_recognition,Blackthorn Chats are the young shoots when they have been cut down,habitat,,
1919_Horwood_blackthorn_Cacopsylla_pruni_UK_translation,NA,Blackthorn-May ,false_negative,pattern_recognition,"Blackberry, Blackthorn, Blackthorn-May, Buckthorn, Bullens, Bullies, Bullins, Bullister, Cat's-sloes, Eggpeg Bushes, Hedge Picks, Hedge Speaks, Heg Peg Bushes, Hep, Winter Kecksies, May Blackthorn, Quick Scrog, Skig Slaathorn, Slacen-bush, Slan, Slaunbush, 5 ion, Slone Bloom, Sloobush, Slines, Snag, Snagbush, Winter Picks",habitat,,
1919_Horwood_blackthorn_Cacopsylla_pruni_UK_translation,NA,branches,false_negative,NA,The plant is a bushy tree with numerous interlacing branches,habitat,,
1919_Horwood_blackthorn_Cacopsylla_pruni_UK_translation,NA,branches,false_negative,NA,the spines being arrested branches.,habitat,,
1919_Horwood_blackthorn_Cacopsylla_pruni_UK_translation,NA,Brown Hairstreak ,false_negative,unknown_lexeme,"Otiorhynchus picipes, Monochetus sulcatus, Magdalinus prani, Rhynchites auratus, the Hymenopterous insects Andrena bucephala, Eriocampa adumbrata, Lepidoptera Black — Hairstreak (Thecla pruni), Scarlet T (Callimorpha dominula), Vellow Tail Moth (Liparis auriflua), Grey Dagger (Aeronyata psi), White-lewter Hair- streak (Thecla W. album), Brown Hairstreak (7: detule), Short-cloaked Moth (Nola cucullatella), &c., and the Homopterous Capsus capilZaris",taxon,add_lexeme,
1919_Horwood_blackthorn_Cacopsylla_pruni_UK_translation,NA,Buckthorn,false_negative,pattern_recognition,"Blackberry, Blackthorn, Blackthorn-May, Buckthorn, Bullens, Bullies, Bullins, Bullister, Cat's-sloes, Eggpeg Bushes, Hedge Picks, Hedge Speaks, Heg Peg Bushes, Hep, Winter Kecksies, May Blackthorn, Quick Scrog, Skig Slaathorn, Slacen-bush, Slan, Slaunbush, 5 ion, Slone Bloom, Sloobush, Slines, Snag, Snagbush, Winter Picks",habitat,,
1919_Horwood_blackthorn_Cacopsylla_pruni_UK_translation,NA,Bullace,false_negative,unknown_lexeme,It is the origin of the Bullace and the Plum.,habitat,add_lexeme,
1919_Horwood_blackthorn_Cacopsylla_pruni_UK_translation,NA,Bullens,false_negative,pattern_recognition,"Blackberry, Blackthorn, Blackthorn-May, Buckthorn, Bullens, Bullies, Bullins, Bullister, Cat's-sloes, Eggpeg Bushes, Hedge Picks, Hedge Speaks, Heg Peg Bushes, Hep, Winter Kecksies, May Blackthorn, Quick Scrog, Skig Slaathorn, Slacen-bush, Slan, Slaunbush, 5 ion, Slone Bloom, Sloobush, Slines, Snag, Snagbush, Winter Picks",habitat,,
1919_Horwood_blackthorn_Cacopsylla_pruni_UK_translation,NA,Bullies,false_negative,pattern_recognition,"Blackberry, Blackthorn, Blackthorn-May, Buckthorn, Bullens, Bullies, Bullins, Bullister, Cat's-sloes, Eggpeg Bushes, Hedge Picks, Hedge Speaks, Heg Peg Bushes, Hep, Winter Kecksies, May Blackthorn, Quick Scrog, Skig Slaathorn, Slacen-bush, Slan, Slaunbush, 5 ion, Slone Bloom, Sloobush, Slines, Snag, Snagbush, Winter Picks",habitat,,
1919_Horwood_blackthorn_Cacopsylla_pruni_UK_translation,NA,Bullins,false_negative,pattern_recognition,"Blackberry, Blackthorn, Blackthorn-May, Buckthorn, Bullens, Bullies, Bullins, Bullister, Cat's-sloes, Eggpeg Bushes, Hedge Picks, Hedge Speaks, Heg Peg Bushes, Hep, Winter Kecksies, May Blackthorn, Quick Scrog, Skig Slaathorn, Slacen-bush, Slan, Slaunbush, 5 ion, Slone Bloom, Sloobush, Slines, Snag, Snagbush, Winter Picks",habitat,,
1919_Horwood_blackthorn_Cacopsylla_pruni_UK_translation,NA,Bullister,false_negative,pattern_recognition,"Blackberry, Blackthorn, Blackthorn-May, Buckthorn, Bullens, Bullies, Bullins, Bullister, Cat's-sloes, Eggpeg Bushes, Hedge Picks, Hedge Speaks, Heg Peg Bushes, Hep, Winter Kecksies, May Blackthorn, Quick Scrog, Skig Slaathorn, Slacen-bush, Slan, Slaunbush, 5 ion, Slone Bloom, Sloobush, Slines, Snag, Snagbush, Winter Picks",habitat,,
2020_Gjonov_New_records_of_Hemiptera_from_the_Maltese_Islands_Cacopsylla_pruni_Malta_copie,NA,Bursinia sicula,false_negative,unknown_lexeme,"nine new records of Auchenorrhyncha (Bursinia sicula Emeljanoy, Chloriona sicula Matsumura, Eupteryx zelleri (Kirschbaum)",taxon,add_lexeme,
2020_Gjonov_New_records_of_Hemiptera_from_the_Maltese_Islands_Cacopsylla_pruni_Malta_copie,NA,Bursinia sicula Emeljanoy,false_negative,unknown_lexeme,"nine new records of Auchenorrhyncha (Bursinia sicula Emeljanoy, Chloriona sicula Matsumura, Eupteryx zelleri (Kirschbaum)",taxon,add_lexeme,
1919_Horwood_blackthorn_Cacopsylla_pruni_UK_translation,NA,bush-land,false_negative,outdated_term,"The plant is often 15 ft. high, and grows in clumps, several being associated together forming bush-land",habitat,,
1919_Horwood_blackthorn_Cacopsylla_pruni_UK_translation,tree,bushy tree,too_narrow,NA,The plant is a bushy tree with numerous interlacing branches,habitat,add_pattern,
2012_Ozgen_Psyllids_Anatolie_translation,Cacopsylla,Cacopsylla bidens,too_narrow,unknown_lexeme,"These species were Cyamophila glycyrrhizae (Becker, 1864), Spanioneura pechai (Klimaszewski &Lodos, 1977), Homotoma ficus (Linnaeus, 1758), Euphyllura straminea Loginova, 1973,Trioza magnisetosa Loginova, 1964, Aphalara grandicula (Gegechkori, 1981), Trioza neglecta Loginova, 1978, Trioza remota Foerster, 1848, Cacopsylla permixta Burckhardt & Hodkinson, 1986, Cacopsylla bidens (Sulc, 1907), Cacopsylla marianne (Baeva, 1966), and Agonoscena pistaciae Burckhardt & Lauterer, 1989",taxon,"add_pattern,taxon_autocorrector",
2012_Ozgen_Psyllids_Anatolie_translation,Cacopsylla,"Cacopsylla bidens (Sulc, 1907)",too_narrow,unknown_lexeme,"These species were Cyamophila glycyrrhizae (Becker, 1864), Spanioneura pechai (Klimaszewski &Lodos, 1977), Homotoma ficus (Linnaeus, 1758), Euphyllura straminea Loginova, 1973,Trioza magnisetosa Loginova, 1964, Aphalara grandicula (Gegechkori, 1981), Trioza neglecta Loginova, 1978, Trioza remota Foerster, 1848, Cacopsylla permixta Burckhardt & Hodkinson, 1986, Cacopsylla bidens (Sulc, 1907), Cacopsylla marianne (Baeva, 1966), and Agonoscena pistaciae Burckhardt & Lauterer, 1989",taxon,"add_pattern,taxon_autocorrector",
2012_Ozgen_Psyllids_Anatolie_translation,Cacopsylla,Cacopsylla marianne,too_narrow,unknown_lexeme,"These species were Cyamophila glycyrrhizae (Becker, 1864), Spanioneura pechai (Klimaszewski &Lodos, 1977), Homotoma ficus (Linnaeus, 1758), Euphyllura straminea Loginova, 1973,Trioza magnisetosa Loginova, 1964, Aphalara grandicula (Gegechkori, 1981), Trioza neglecta Loginova, 1978, Trioza remota Foerster, 1848, Cacopsylla permixta Burckhardt & Hodkinson, 1986, Cacopsylla bidens (Sulc, 1907), Cacopsylla marianne (Baeva, 1966), and Agonoscena pistaciae Burckhardt & Lauterer, 1989",taxon,add_lexeme,
2012_Ozgen_Psyllids_Anatolie_translation,Cacopsylla,"Cacopsylla marianne (Baeva, 1966)",too_narrow,unknown_lexeme,"These species were Cyamophila glycyrrhizae (Becker, 1864), Spanioneura pechai (Klimaszewski &Lodos, 1977), Homotoma ficus (Linnaeus, 1758), Euphyllura straminea Loginova, 1973,Trioza magnisetosa Loginova, 1964, Aphalara grandicula (Gegechkori, 1981), Trioza neglecta Loginova, 1978, Trioza remota Foerster, 1848, Cacopsylla permixta Burckhardt & Hodkinson, 1986, Cacopsylla bidens (Sulc, 1907), Cacopsylla marianne (Baeva, 1966), and Agonoscena pistaciae Burckhardt & Lauterer, 1989",taxon,add_lexeme,
2012_Ozgen_Psyllids_Anatolie_translation,Cacopsylla,Cacopsylla permixta,too_narrow,unknown_lexeme,"These species were Cyamophila glycyrrhizae (Becker, 1864), Spanioneura pechai (Klimaszewski &Lodos, 1977), Homotoma ficus (Linnaeus, 1758), Euphyllura straminea Loginova, 1973,Trioza magnisetosa Loginova, 1964, Aphalara grandicula (Gegechkori, 1981), Trioza neglecta Loginova, 1978, Trioza remota Foerster, 1848, Cacopsylla permixta Burckhardt & Hodkinson, 1986, Cacopsylla bidens (Sulc, 1907), Cacopsylla marianne (Baeva, 1966), and Agonoscena pistaciae Burckhardt & Lauterer, 1989",taxon,add_lexeme,
2012_Ozgen_Psyllids_Anatolie_translation,Cacopsylla,"Cacopsylla permixta Burckhardt & Hodkinson, 1986",too_narrow,unknown_lexeme,"These species were Cyamophila glycyrrhizae (Becker, 1864), Spanioneura pechai (Klimaszewski &Lodos, 1977), Homotoma ficus (Linnaeus, 1758), Euphyllura straminea Loginova, 1973,Trioza magnisetosa Loginova, 1964, Aphalara grandicula (Gegechkori, 1981), Trioza neglecta Loginova, 1978, Trioza remota Foerster, 1848, Cacopsylla permixta Burckhardt & Hodkinson, 1986, Cacopsylla bidens (Sulc, 1907), Cacopsylla marianne (Baeva, 1966), and Agonoscena pistaciae Burckhardt & Lauterer, 1989",taxon,add_lexeme,
1919_Horwood_blackthorn_Cacopsylla_pruni_UK_translation,Capsus,Capsus capil- Zaris,too_narrow,text_extraction_issue,"Otiorhynchus picipes, Monochetus sulcatus, Magdalinus prani, Rhynchites auratus, the Hymenopterous insects Andrena bucephala, Eriocampa adumbrata, Lepidoptera Black — Hairstreak (Thecla pruni), Scarlet T (Callimorpha dominula), Vellow Tail Moth (Liparis auriflua), Grey Dagger (Aeronyata psi), White-lewter Hair- streak (Thecla W. album), Brown Hairstreak (7: detule), Short-cloaked Moth (Nola cucullatella), &c., and the Homopterous Capsus capilZaris",taxon,,
1955_Tamanini_Cacopsylla_pruni_Italie_première_identification_translation,Caradrina,Caradrina conducta,too_narrow,unknown_lexeme,Perigea conducta Wik. (Caradrina conducta Wik.),taxon,add_lexeme,
1919_Horwood_blackthorn_Cacopsylla_pruni_UK_translation,NA,carpel,false_negative,NA,"When the carpel becomes the fruit the layers are three, the skin or epicarp, the flesh or mesocarp, and the inner stony endocarp, ",habitat,,
1919_Horwood_blackthorn_Cacopsylla_pruni_UK_translation,NA,Cat's-sloes,false_negative,pattern_recognition,"Blackberry, Blackthorn, Blackthorn-May, Buckthorn, Bullens, Bullies, Bullins, Bullister, Cat's-sloes, Eggpeg Bushes, Hedge Picks, Hedge Speaks, Heg Peg Bushes, Hep, Winter Kecksies, May Blackthorn, Quick Scrog, Skig Slaathorn, Slacen-bush, Slan, Slaunbush, 5 ion, Slone Bloom, Sloobush, Slines, Snag, Snagbush, Winter Picks",habitat,,
1919_Horwood_blackthorn_Cacopsylla_pruni_UK_translation,Cecidomyia,Cecidomyia praniand,too_narrow,unknown_lexeme,It is also galled by Cecidomyia praniand Biorhiza terminalis;,taxon,add_lexeme,
2020_Gjonov_New_records_of_Hemiptera_from_the_Maltese_Islands_Cacopsylla_pruni_Malta_copie,Chloriona,Chloriona sicula,too_narrow,unknown_lexeme,"nine new records of Auchenorrhyncha (Bursinia sicula Emeljanoy, Chloriona sicula Matsumura, Eupteryx zelleri (Kirschbaum)",taxon,add_lexeme,
2020_Gjonov_New_records_of_Hemiptera_from_the_Maltese_Islands_Cacopsylla_pruni_Malta_copie,Chloriona,Chloriona sicula Matsumura,too_narrow,unknown_lexeme,"nine new records of Auchenorrhyncha (Bursinia sicula Emeljanoy, Chloriona sicula Matsumura, Eupteryx zelleri (Kirschbaum)",taxon,add_lexeme,
1919_Horwood_blackthorn_Cacopsylla_pruni_UK_translation,NA,Cladosporium,false_negative,NA,"Many larger fungi grow on it: Stereum, Podosphera, Eutypella, Polystigma, Plowrightia, Polyporus, Hypocmis, Entomospo- rium, Corynum, Cladosporium.",taxon,,
1919_Horwood_blackthorn_Cacopsylla_pruni_UK_translation,Coleoptera,Coleoptera (Nitidulide),too_narrow,text_extraction_issue,"Coleoptera (Nitidulide), Lepidoptera (Vanessa).",habitat,add_pattern,"""ae"" character not detected"
1919_Horwood_blackthorn_Cacopsylla_pruni_UK_translation,Bramble,Common Bramble,too_narrow,pattern_recognition,"The Common Bramble is not only a prevalent hedgerow plant, but it is often one of the chief mainstays of common undergrowth, and forms wide patches on heaths and moors,",habitat,,
1919_Horwood_blackthorn_Cacopsylla_pruni_UK_translation,NA,common undergrowth,false_negative,unknown_lexeme,"The Common Bramble is not only a prevalent hedgerow plant, but it is often one of the chief mainstays of common undergrowth, and forms wide patches on heaths and moors,",habitat,"add_pattern,taxon_autocorrector",
1955_Tamanini_Cacopsylla_pruni_Italie_première_identification_translation,NA,Copepod,false_negative,"pattern_recognition,anaphora",Description of a new species of Copepod Harpacticoide caveman,habitat,,
1919_Horwood_blackthorn_Cacopsylla_pruni_UK_translation,NA,Cornel,false_negative,unknown_lexeme,"It is found not only by the highway, with Spindle, Maple, Crab, Hawthorn, Cornel, and Elder, but also in the hedgerows, in fields, and in woods",habitat,add_lexeme,
1919_Horwood_blackthorn_Cacopsylla_pruni_UK_translation,NA,Corynum,false_negative,NA,"Many larger fungi grow on it: Stereum, Podosphera, Eutypella, Polystigma, Plowrightia, Polyporus, Hypocmis, Entomospo- rium, Corynum, Cladosporium.",taxon,,
1919_Horwood_blackthorn_Cacopsylla_pruni_UK_translation,NA,Crab,false_negative,NA,"It is found not only by the highway, with Spindle, Maple, Crab, Hawthorn, Cornel, and Elder, but also in the hedgerows, in fields, and in woods",habitat,,
1919_Horwood_blackthorn_Cacopsylla_pruni_UK_translation,NA,Crawpea ,false_negative,unknown_lexeme,"Yellow Tar, Yellow Fitchling, Lady’s Fingers, Mouse Pea, Crawpea, Tom Thumb Vetchling. ",habitat,add_lexeme,
1955_Tamanini_Cacopsylla_pruni_Italie_première_identification_translation,NA,Crespedolepta flavipennis,false_negative,text_extraction_issue,#Crespedolepta flavipennis (Forst.) (= Aphalara pieta Auet.),taxon,taxon_autocorrector,
2012_Ozgen_Psyllids_Anatolie_translation,Cyamophila,Cyamophila glycyrrhizae,too_narrow,unknown_lexeme,"These species were Cyamophila glycyrrhizae (Becker, 1864), Spanioneura pechai (Klimaszewski &Lodos, 1977), Homotoma ficus (Linnaeus, 1758), Euphyllura straminea Loginova, 1973,Trioza magnisetosa Loginova, 1964, Aphalara grandicula (Gegechkori, 1981), Trioza neglecta Loginova, 1978, Trioza remota Foerster, 1848, Cacopsylla permixta Burckhardt & Hodkinson, 1986, Cacopsylla bidens (Sulc, 1907), Cacopsylla marianne (Baeva, 1966), and Agonoscena pistaciae Burckhardt & Lauterer, 1989",taxon,add_lexeme,
1955_Tamanini_Cacopsylla_pruni_Italie_première_identification_translation,NA,Diptera Bom- new bilids,false_negative,text_extraction_issue,Ditteri Bombilidi for peninsular Italy.,taxon,taxon_autocorrector,"correct: ""Ditteri Bombilidi"""
1919_Horwood_blackthorn_Cacopsylla_pruni_UK_translation,NA,drupe,false_negative,unknown_lexeme,"The fruit is a drupe, the flesh adhering to the stone, round. ",habitat,add_lexeme,
1919_Horwood_blackthorn_Cacopsylla_pruni_UK_translation,NA,Eggpeg Bushes,false_negative,pattern_recognition,"Blackberry, Blackthorn, Blackthorn-May, Buckthorn, Bullens, Bullies, Bullins, Bullister, Cat's-sloes, Eggpeg Bushes, Hedge Picks, Hedge Speaks, Heg Peg Bushes, Hep, Winter Kecksies, May Blackthorn, Quick Scrog, Skig Slaathorn, Slacen-bush, Slan, Slaunbush, 5 ion, Slone Bloom, Sloobush, Slines, Snag, Snagbush, Winter Picks",habitat,,
1919_Horwood_blackthorn_Cacopsylla_pruni_UK_translation,NA,Elder,false_negative,unknown_lexeme,"It is found not only by the highway, with Spindle, Maple, Crab, Hawthorn, Cornel, and Elder, but also in the hedgerows, in fields, and in woods",habitat,"add_pattern,taxon_autocorrector",
1919_Horwood_blackthorn_Cacopsylla_pruni_UK_translation,NA,Empida,false_negative,unknown_lexeme,"Hymenoptera (Apidae), Diptera (Empida",habitat,add_lexeme,
1919_Horwood_blackthorn_Cacopsylla_pruni_UK_translation,NA,Entomosporium,false_negative,NA,"Many larger fungi grow on it: Stereum, Podosphera, Eutypella, Polystigma, Plowrightia, Polyporus, Hypocmis, Entomospo- rium, Corynum, Cladosporium.",taxon,,
1919_Horwood_blackthorn_Cacopsylla_pruni_UK_translation,NA,epicarp,false_negative,NA,"When the carpel becomes the fruit the layers are three, the skin or epicarp, the flesh or mesocarp, and the inner stony endocarp, ",habitat,,
1919_Horwood_blackthorn_Cacopsylla_pruni_UK_translation,Eriocampa,Eriocampa adumbrata,too_narrow,unknown_lexeme,"Otiorhynchus picipes, Monochetus sulcatus, Magdalinus prani, Rhynchites auratus, the Hymenopterous insects Andrena bucephala, Eriocampa adumbrata, Lepidoptera Black — Hairstreak (Thecla pruni), Scarlet T (Callimorpha dominula), Vellow Tail Moth (Liparis auriflua), Grey Dagger (Aeronyata psi), White-lewter Hair- streak (Thecla W. album), Brown Hairstreak (7: detule), Short-cloaked Moth (Nola cucullatella), &c., and the Homopterous Capsus capilZaris",taxon,add_lexeme,
1919_Horwood_blackthorn_Cacopsylla_pruni_UK_translation,NA,Eriophyes similis,false_negative,NA,Eriophyes similis is a gall that attacks it. ,taxon,,
2020_Gjonov_New_records_of_Hemiptera_from_the_Maltese_Islands_Cacopsylla_pruni_Malta_copie,Eupteryx ,Eupteryx zelleri,too_narrow,unknown_lexeme,"nine new records of Auchenorrhyncha (Bursinia sicula Emeljanoy, Chloriona sicula Matsumura, Eupteryx zelleri (Kirschbaum)",taxon,add_lexeme,
2020_Gjonov_New_records_of_Hemiptera_from_the_Maltese_Islands_Cacopsylla_pruni_Malta_copie,NA,Euscelis cf. ohausi,false_negative,unknown_lexeme,"(Bursinia sicula Emeljanoy, Chloriona sicula Matsumura, Eupteryx zelleri (Kirschbaum), Euscelis cf. ohausi Wagner, Opsius cypriacus Lindberg, Paralimnus phragmitis (Boheman)",taxon,add_lexeme,
2020_Gjonov_New_records_of_Hemiptera_from_the_Maltese_Islands_Cacopsylla_pruni_Malta_copie,Euscelis,Euscelis cf. ohausi Wagner,false_negative,unknown_lexeme,"(Bursinia sicula Emeljanoy, Chloriona sicula Matsumura, Eupteryx zelleri (Kirschbaum), Euscelis cf. ohausi Wagner, Opsius cypriacus Lindberg, Paralimnus phragmitis (Boheman)",taxon,add_lexeme,
1919_Horwood_blackthorn_Cacopsylla_pruni_UK_translation,NA,Eutypella,false_negative,NA,"Many larger fungi grow on it: Stereum, Podosphera, Eutypella, Polystigma, Plowrightia, Polyporus, Hypocmis, Entomospo- rium, Corynum, Cladosporium.",taxon,,
1955_Tamanini_Cacopsylla_pruni_Italie_première_identification_translation,Fagus silvatica,Fagus silvatica L.,too_narrow,unknown_lexeme,on Fagus silvatica L. ,taxon,add_lexeme,
1955_Tamanini_Cacopsylla_pruni_Italie_première_identification_translation,NA,Fam. Livupas F. Lév.,false_neagative,unknown_lexeme,"Fam. Livupas F. Lév. ; Livia juncorum (Latr.) - Trentino, Mattarello, in Juncus #P »1X-1948;",taxon,add_lexeme,
1919_Horwood_blackthorn_Cacopsylla_pruni_UK_translation,flesh,flesh,wrong_label,polysemy,"The fruit is a drupe, the flesh adhering to the stone, round. ",NA,"concept_addition,desambiguation",
1955_Tamanini_Cacopsylla_pruni_Italie_première_identification_translation,NA,Flor,false_negative,unknown_lexeme," Gammatosena speciosa (Flor) - Francia mex., Mens, on Populus nigra L., un to exemplary.",taxon,"add_pattern,taxon_autocorrector",
1919_Horwood_blackthorn_Cacopsylla_pruni_UK_translation,flower,flower-stalk,too_narrow,pos_tagging,"Lathyrus pratensis, L.—Stem climbing, angled, not winged, tendrils small, leaflets 2, narrow, lanceolate, stipules sagittate, as long as leaflets; flowers yellow, veined, flower-stalk many-flowered, in raceme, secund, hile small.",habitat,,
1919_Horwood_blackthorn_Cacopsylla_pruni_UK_translation,NA,FLOWERS,false_negative,case_sensitivity,158 FLOWERS OF THE ROADSIDES AND HEDGES ,habitat,"case_sensitivity,common_names_detection",
1955_Tamanini_Cacopsylla_pruni_Italie_première_identification_translation,NA,Forst.,false_negative,unknown_lexeme,"None Val Genova, Todesca, on 'Lis (Weber et Mohr) - Trentino,; x Aphalara erie ee trentino, Molveno, on Polygonum fagopyrum L",taxon,"add_pattern,taxon_autocorrector",
1955_Tamanini_Cacopsylla_pruni_Italie_première_identification_translation,Fraxinus ornus,Fraxinus ornus Ls,too_narrow,text_extraction_issue,"ynao4s, Payllopsis fraxini (Linn,) - France Wed, Mens, on Fraxinus ornus Ls,",taxon,"add_pattern,taxon_autocorrector",
1919_Horwood_blackthorn_Cacopsylla_pruni_UK_translation,NA,fruit,false_negative,NA,"he fruit is edible, and the seed is dispersed by animals.",habitat,add_pattern,
1955_Tamanini_Cacopsylla_pruni_Italie_première_identification_translation,NA,Gammatosena speciosa ,false_negative,unknown_lexeme," Gammatosena speciosa (Flor) - Francia mex., Mens, on Populus nigra L., un to exemplary.",taxon,add_lexeme,
1955_Tamanini_Cacopsylla_pruni_Italie_première_identification_translation,NA,Gammatosena speciosa (Flor),false_negative,unknown_lexeme,"Gammatosena speciosa (Flor) - Francia mex., Mens, on Populus nigra L., un to exemplary.",taxon,add_lexeme,
1919_Horwood_blackthorn_Cacopsylla_pruni_UK_translation,NA,Grey Dagger,false_negative,unknown_lexeme,"Otiorhynchus picipes, Monochetus sulcatus, Magdalinus prani, Rhynchites auratus, the Hymenopterous insects Andrena bucephala, Eriocampa adumbrata, Lepidoptera Black — Hairstreak (Thecla pruni), Scarlet T (Callimorpha dominula), Vellow Tail Moth (Liparis auriflua), Grey Dagger (Aeronyata psi), White-lewter Hair- streak (Thecla W. album), Brown Hairstreak (7: detule), Short-cloaked Moth (Nola cucullatella), &c., and the Homopterous Capsus capilZaris",taxon,add_lexeme,
1955_Tamanini_Cacopsylla_pruni_Italie_première_identification_translation,NA,Harpacticoide caveman,false_negative,foreign_lexeme,Description of a new species of Copepod Harpacticoide caveman,taxon,foreign_pattern_translation,
1919_Horwood_blackthorn_Cacopsylla_pruni_UK_translation,NA,Hawthorn,false_negative,unknown_lexeme,"It is found not only by the highway, with Spindle, Maple, Crab, Hawthorn, Cornel, and Elder, but also in the hedgerows, in fields, and in woods",habitat,"add_pattern,taxon_autocorrector",
1919_Horwood_blackthorn_Cacopsylla_pruni_UK_translation,NA,heaths,false_negative,unknown_lexeme,"The Common Bramble is not only a prevalent hedgerow plant, but it is often one of the chief mainstays of common undergrowth, and forms wide patches on heaths and moors,",habitat,add_lexeme,
1919_Horwood_blackthorn_Cacopsylla_pruni_UK_translation,NA,Hedge Picks,false_negative,pattern_recognition,"Blackberry, Blackthorn, Blackthorn-May, Buckthorn, Bullens, Bullies, Bullins, Bullister, Cat's-sloes, Eggpeg Bushes, Hedge Picks, Hedge Speaks, Heg Peg Bushes, Hep, Winter Kecksies, May Blackthorn, Quick Scrog, Skig Slaathorn, Slacen-bush, Slan, Slaunbush, 5 ion, Slone Bloom, Sloobush, Slines, Snag, Snagbush, Winter Picks",habitat,,
1919_Horwood_blackthorn_Cacopsylla_pruni_UK_translation,NA,Hedge Speaks,false_negative,pattern_recognition,"Blackberry, Blackthorn, Blackthorn-May, Buckthorn, Bullens, Bullies, Bullins, Bullister, Cat's-sloes, Eggpeg Bushes, Hedge Picks, Hedge Speaks, Heg Peg Bushes, Hep, Winter Kecksies, May Blackthorn, Quick Scrog, Skig Slaathorn, Slacen-bush, Slan, Slaunbush, 5 ion, Slone Bloom, Sloobush, Slines, Snag, Snagbush, Winter Picks",habitat,,
1919_Horwood_blackthorn_Cacopsylla_pruni_UK_translation,NA,hedgerows,false_negative,unknown_lexeme,"It is found not only by the highway, with Spindle, Maple, Crab, Hawthorn, Cornel, and Elder, but also in the hedgerows, in fields, and in woods",habitat,add_lexeme,
1919_Horwood_blackthorn_Cacopsylla_pruni_UK_translation,NA,HEDGES,false_negative,case_sensitivity,158 FLOWERS OF THE ROADSIDES AND HEDGES ,habitat,"case_sensitivity,common_names_detection,concept_addition",
1919_Horwood_blackthorn_Cacopsylla_pruni_UK_translation,NA,Heg Peg Bushes,false_negative,pattern_recognition,"Blackberry, Blackthorn, Blackthorn-May, Buckthorn, Bullens, Bullies, Bullins, Bullister, Cat's-sloes, Eggpeg Bushes, Hedge Picks, Hedge Speaks, Heg Peg Bushes, Hep, Winter Kecksies, May Blackthorn, Quick Scrog, Skig Slaathorn, Slacen-bush, Slan, Slaunbush, 5 ion, Slone Bloom, Sloobush, Slines, Snag, Snagbush, Winter Picks",habitat,,
2020_Gjonov_New_records_of_Hemiptera_from_the_Maltese_Islands_Cacopsylla_pruni_Malta_copie,NA,Hemipteran,false_negative,morphological variation,"Hemipteran material collected from the Maltese Islands has yielded eleven species previously unrecorded, belonging to three different suborders as follows: ",taxon,taxon_autocorrector,
1919_Horwood_blackthorn_Cacopsylla_pruni_UK_translation,NA,Hep,false_negative,pattern_recognition,"Blackberry, Blackthorn, Blackthorn-May, Buckthorn, Bullens, Bullies, Bullins, Bullister, Cat's-sloes, Eggpeg Bushes, Hedge Picks, Hedge Speaks, Heg Peg Bushes, Hep, Winter Kecksies, May Blackthorn, Quick Scrog, Skig Slaathorn, Slacen-bush, Slan, Slaunbush, 5 ion, Slone Bloom, Sloobush, Slines, Snag, Snagbush, Winter Picks",habitat,,
1919_Horwood_blackthorn_Cacopsylla_pruni_UK_translation,NA,highland,false_negative,pattern_recognition,indiscriminately common to both highland and lowland districts,habitat,,
1919_Horwood_blackthorn_Cacopsylla_pruni_UK_translation,NA,Homopterous,false_negative,morphological_variation,"Otiorhynchus picipes, Monochetus sulcatus, Magdalinus prani, Rhynchites auratus, the Hymenopterous insects Andrena bucephala, Eriocampa adumbrata, Lepidoptera Black — Hairstreak (Thecla pruni), Scarlet T (Callimorpha dominula), Vellow Tail Moth (Liparis auriflua), Grey Dagger (Aeronyata psi), White-lewter Hair- streak (Thecla W. album), Brown Hairstreak (7: detule), Short-cloaked Moth (Nola cucullatella), &c., and the Homopterous Capsus capilZaris",taxon,taxon_autocorrector,
1919_Horwood_blackthorn_Cacopsylla_pruni_UK_translation,abundant honey,honey,too_wide,NA,"The flowers are conspicuous, and contain abundant honey",habitat,,
1919_Horwood_blackthorn_Cacopsylla_pruni_UK_translation,insects,Hymenopterous insects,too_narrow,unknown_lexeme,"Otiorhynchus picipes, Monochetus sulcatus, Magdalinus prani, Rhynchites auratus, the Hymenopterous insects Andrena bucephala, Eriocampa adumbrata, Lepidoptera Black — Hairstreak (Thecla pruni), Scarlet T (Callimorpha dominula), Vellow Tail Moth (Liparis auriflua), Grey Dagger (Aeronyata psi), White-lewter Hair- streak (Thecla W. album), Brown Hairstreak (7: detule), Short-cloaked Moth (Nola cucullatella), &c., and the Homopterous Capsus capilZaris",taxon,add_lexeme,
1955_Tamanini_Cacopsylla_pruni_Italie_première_identification_translation,Hypochoeris,Hypochoeris sp.,too_narrow,NA,"Trentino, Grup rerio, Lastee meadows, on Hypochoeris sp., VUl-1940",taxon,,
1919_Horwood_blackthorn_Cacopsylla_pruni_UK_translation,NA,Hypocmis,false_negative,NA,"Many larger fungi grow on it: Stereum, Podosphera, Eutypella, Polystigma, Plowrightia, Polyporus, Hypocmis, Entomospo- rium, Corynum, Cladosporium.",taxon,,
1919_Horwood_blackthorn_Cacopsylla_pruni_UK_translation,NA,It,false_negative,anaphora,"The Sloe is so common a wayside plant as scarcely to need description, It is found not only by the highway",habitat,,
1919_Horwood_blackthorn_Cacopsylla_pruni_UK_translation,NA,It,false_negative,anaphora,It is one of the earliest wild flowers in March and April.,habitat,,
1919_Horwood_blackthorn_Cacopsylla_pruni_UK_translation,NA,it,false_negative,anaphora,"A fungus, Puccinia pruni, causes early fall of the leaf. Eriophyes similis is a gall that attacks it.",taxon,,
1919_Horwood_blackthorn_Cacopsylla_pruni_UK_translation,NA,it,false_negative,anaphora,"A fungus, Puccinia pruni, causes early fall of the leaf. Eriophyes similis is a gall that attacks it. Many larger fungi grow on it:",taxon,,
1919_Horwood_blackthorn_Cacopsylla_pruni_UK_translation,NA,It,false_negative,anaphora,It is also galled by Cecidomyia praniand Biorhiza terminalis;,taxon,,
1919_Horwood_blackthorn_Cacopsylla_pruni_UK_translation,NA,It,false_negative,anaphora,It forms some part also of the undergrowth in woods and plantations,habitat,,
1955_Tamanini_Cacopsylla_pruni_Italie_première_identification_translation,NA,it,false_negative,anaphora,but since it was still collected in Italy.,taxon,,
2020_Gjonov_New_records_of_Hemiptera_from_the_Maltese_Islands_Cacopsylla_pruni_Malta_copie,plant-lice,jumping plant-lice,too_narrow,unknown_lexeme,"18 whiteflies (Matumpay & Mirsup, 2012, 2016), 21 jumping plant-lice (Mirsup, 2020) and 93 scale insects (Mirsup et al., 2014) for a total of 233 species. ",habitat,"add_pattern,taxon_autocorrector",
2020_Gjonov_New_records_of_Hemiptera_from_the_Maltese_Islands_Cacopsylla_pruni_Malta_copie,NA,Kirschbaum,false_negative,unknown_lexeme,"nine new records of Auchenorrhyncha (Bursinia sicula Emeljanoy, Chloriona sicula Matsumura, Eupteryx zelleri (Kirschbaum)",habitat,"add_pattern,taxon_autocorrector",
1919_Horwood_blackthorn_Cacopsylla_pruni_UK_translation,NA,Lady’s Fingers,false_negative,encoding,"Yellow Tar, Yellow Fitchling, Lady’s Fingers, Mouse Pea, Crawpea, Tom Thumb Vetchling. ",habitat,encoding_compatibility,ocra
1919_Horwood_blackthorn_Cacopsylla_pruni_UK_translation,Lathyrus pratensis,"Lathyrus pratensis, L.",too_narrow,unknown_lexeme,"Lathyrus pratensis, L.—Stem climbing, angled, not winged, tendrils small, leaflets 2, narrow, lanceolate, stipules sagittate, as long as leaflets; flowers yellow, veined, flower-stalk many-flowered, in raceme, secund, hile small.",taxon,add_lexeme,
1919_Horwood_blackthorn_Cacopsylla_pruni_UK_translation,NA,latter,false_negative,anaphora,"from the inflection of the stamens toward the centre above the stigma, causing pollen to fall on the latter.",habitat,,refers to stigma (which is correctly highlighted)
1955_Tamanini_Cacopsylla_pruni_Italie_première_identification_translation,Noctuidae,Lepid. Noctuidae,too_narrow,text_extraction_issue,good species (Lepid. Noctuidae).,taxon,,
1919_Horwood_blackthorn_Cacopsylla_pruni_UK_translation,Lepidoptera,Lepidoptera Black — Hairstreak,too_narrow,"text_extraction_issue,unknown_lexeme","Otiorhynchus picipes, Monochetus sulcatus, Magdalinus prani, Rhynchites auratus, the Hymenopterous insects Andrena bucephala, Eriocampa adumbrata, Lepidoptera Black — Hairstreak (Thecla pruni), Scarlet T (Callimorpha dominula), Vellow Tail Moth (Liparis auriflua), Grey Dagger (Aeronyata psi), White-lewter Hair- streak (Thecla W. album), Brown Hairstreak (7: detule), Short-cloaked Moth (Nola cucullatella), &c., and the Homopterous Capsus capilZaris",taxon,"add_pattern,taxon_autocorrector",
1919_Horwood_blackthorn_Cacopsylla_pruni_UK_translation,NA,Liparis auriflua,false_negative,unknown_lexeme,"Otiorhynchus picipes, Monochetus sulcatus, Magdalinus prani, Rhynchites auratus, the Hymenopterous insects Andrena bucephala, Eriocampa adumbrata, Lepidoptera Black — Hairstreak (Thecla pruni), Scarlet T (Callimorpha dominula), Vellow Tail Moth (Liparis auriflua), Grey Dagger (Aeronyata psi), White-lewter Hair- streak (Thecla W. album), Brown Hairstreak (7: detule), Short-cloaked Moth (Nola cucullatella), &c., and the Homopterous Capsus capilZaris",taxon,add_lexeme,
1955_Tamanini_Cacopsylla_pruni_Italie_première_identification_translation,Livia,Livia juncorum,too_narrow,unknown_lexeme,"Fam. Livupas F. Lév. ; Livia juncorum (Latr.) - Trentino, Mattarello, in Juncus #P »1X-1948; ",taxon,add_lexeme,
1919_Horwood_blackthorn_Cacopsylla_pruni_UK_translation,NA,Magdalinus prani,false_negative,unknown_lexeme,"Otiorhynchus picipes, Monochetus sulcatus, Magdalinus prani, Rhynchites auratus, the Hymenopterous insects Andrena bucephala, Eriocampa adumbrata, Lepidoptera Black — Hairstreak (Thecla pruni), Scarlet T (Callimorpha dominula), Vellow Tail Moth (Liparis auriflua), Grey Dagger (Aeronyata psi), White-lewter Hair- streak (Thecla W. album), Brown Hairstreak (7: detule), Short-cloaked Moth (Nola cucullatella), &c., and the Homopterous Capsus capilZaris",taxon,add_lexeme,
1919_Horwood_blackthorn_Cacopsylla_pruni_UK_translation,NA,Maple,false_negative,NA,"It is found not only by the highway, with Spindle, Maple, Crab, Hawthorn, Cornel, and Elder, but also in the hedgerows, in fields, and in woods",habitat,,
1919_Horwood_blackthorn_Cacopsylla_pruni_UK_translation,NA,May Blackthorn,false_negative,pattern_recognition,"Blackberry, Blackthorn, Blackthorn-May, Buckthorn, Bullens, Bullies, Bullins, Bullister, Cat's-sloes, Eggpeg Bushes, Hedge Picks, Hedge Speaks, Heg Peg Bushes, Hep, Winter Kecksies, May Blackthorn, Quick Scrog, Skig Slaathorn, Slacen-bush, Slan, Slaunbush, 5 ion, Slone Bloom, Sloobush, Slines, Snag, Snagbush, Winter Picks",habitat,,
1919_Horwood_blackthorn_Cacopsylla_pruni_UK_translation,NA,mesocarp,false_negative,NA,"When the carpel becomes the fruit the layers are three, the skin or epicarp, the flesh or mesocarp, and the inner stony endocarp, ",habitat,,
2020_Gjonov_New_records_of_Hemiptera_from_the_Maltese_Islands_Cacopsylla_pruni_Malta_copie,NA,mirids,false_negative,unknown_lexeme,"Since then, two mirids, a pyrrhocorid and a pentatomid were also added to the Maltese fauna ",habitat,common_names_detection,
1919_Horwood_blackthorn_Cacopsylla_pruni_UK_translation,NA,Monochetus sulcatus,false_negative,unknown_lexeme,"Otiorhynchus picipes, Monochetus sulcatus, Magdalinus prani, Rhynchites auratus, the Hymenopterous insects Andrena bucephala, Eriocampa adumbrata, Lepidoptera Black — Hairstreak (Thecla pruni), Scarlet T (Callimorpha dominula), Vellow Tail Moth (Liparis auriflua), Grey Dagger (Aeronyata psi), White-lewter Hair- streak (Thecla W. album), Brown Hairstreak (7: detule), Short-cloaked Moth (Nola cucullatella), &c., and the Homopterous Capsus capilZaris",taxon,add_lexeme,
1919_Horwood_blackthorn_Cacopsylla_pruni_UK_translation,Pea,Mouse Pea,too_narrow,unknown_lexeme,"Yellow Tar, Yellow Fitchling, Lady’s Fingers, Mouse Pea, Crawpea, Tom Thumb Vetchling. ",habitat,"add_pattern,taxon_autocorrector",
1919_Horwood_blackthorn_Cacopsylla_pruni_UK_translation,},NA,false_positive,NA,"The flowers are white, }-2 in.",NA,,
1955_Tamanini_Cacopsylla_pruni_Italie_première_identification_translation,people ,NA,false_positive,NA,And the people here in Italy and in Krancia,NA,,
1919_Horwood_blackthorn_Cacopsylla_pruni_UK_translation,early spring,NA,false_positive,polysemy,the Blackthorn blossoms make the otherwise dark growth of branches quite white in early spring.,NA,,
1919_Horwood_blackthorn_Cacopsylla_pruni_UK_translation,bodies of slain heathens,NA,false_positive,"pragmatics,semantics","The “ Lay of Runzifal” makes a Blackthorn shoot out of the bodies of slain heathens, a white flower by the heads of fallen Christians.",habitat,,"The phrase was used in the context of a mythological narrative, not to be interpreted as factual. More specifically, the lexeme 'heathens' should never be labelled as it has religious connotations."
1955_Tamanini_Cacopsylla_pruni_Italie_première_identification_translation,},NA,false_positive,text_extraction_issue," especially being rap} u,",NA,add_pattern,
1955_Tamanini_Cacopsylla_pruni_Italie_première_identification_translation,NA,nettle,false_negative,NA,several specimens. Common and widespread species wherever nettle grows. ,habitat,,
1919_Horwood_blackthorn_Cacopsylla_pruni_UK_translation,Nola,Nola cucullatella,too_narrow,unknown_lexeme,"Otiorhynchus picipes, Monochetus sulcatus, Magdalinus prani, Rhynchites auratus, the Hymenopterous insects Andrena bucephala, Eriocampa adumbrata, Lepidoptera Black — Hairstreak (Thecla pruni), Scarlet T (Callimorpha dominula), Vellow Tail Moth (Liparis auriflua), Grey Dagger (Aeronyata psi), White-lewter Hair- streak (Thecla W. album), Brown Hairstreak (7: detule), Short-cloaked Moth (Nola cucullatella), &c., and the Homopterous Capsus capilZaris",taxon,"add_pattern,taxon_autocorrector",
1955_Tamanini_Cacopsylla_pruni_Italie_première_identification_translation,NA,Notulae dipterologicae,false_negative,unknown_lexeme,Notulae dipterologicae,taxon,add_lexeme,
2020_Gjonov_New_records_of_Hemiptera_from_the_Maltese_Islands_Cacopsylla_pruni_Malta_copie,Opsius,Opsius cypriacus,too_narrow,unknown_lexeme,"(Bursinia sicula Emeljanoy, Chloriona sicula Matsumura, Eupteryx zelleri (Kirschbaum), Euscelis cf. ohausi Wagner, Opsius cypriacus Lindberg, Paralimnus phragmitis (Boheman)",taxon,add_lexeme,
2020_Gjonov_New_records_of_Hemiptera_from_the_Maltese_Islands_Cacopsylla_pruni_Malta_copie,Opsius,Opsius cypriacus Lindberg,too_narrow,unknown_lexeme,"(Bursinia sicula Emeljanoy, Chloriona sicula Matsumura, Eupteryx zelleri (Kirschbaum), Euscelis cf. ohausi Wagner, Opsius cypriacus Lindberg, Paralimnus phragmitis (Boheman)",taxon,add_lexeme,
1919_Horwood_blackthorn_Cacopsylla_pruni_UK_translation,Otiorhynchus,Otiorhynchus picipes,too_narrow,unknown_lexeme,"Otiorhynchus picipes, Monochetus sulcatus, Magdalinus prani, Rhynchites auratus, the Hymenopterous insects Andrena bucephala, Eriocampa adumbrata, Lepidoptera Black — Hairstreak (Thecla pruni), Scarlet T (Callimorpha dominula), Vellow Tail Moth (Liparis auriflua), Grey Dagger (Aeronyata psi), White-lewter Hair- streak (Thecla W. album), Brown Hairstreak (7: detule), Short-cloaked Moth (Nola cucullatella), &c., and the Homopterous Capsus capilZaris",taxon,add_lexeme,
1919_Horwood_blackthorn_Cacopsylla_pruni_UK_translation,NA,P. énstititia,false_negative,text_extraction_issue,"As the Latin specific name indicates this plant is peculiarly spinous, which separates it from P. énstititia, where there are few spines.",habitat,taxon_autocorrector,
1955_Tamanini_Cacopsylla_pruni_Italie_première_identification_translation,NA,Payllopsis fraxini,false_negative,text_extraction_issue,"ynao4s, Payllopsis fraxini (Linn,) - France Wed, Mens, on Fraxinus ornus Ls,",taxon,"add_pattern,taxon_autocorrector",
1955_Tamanini_Cacopsylla_pruni_Italie_première_identification_translation,NA,Payllopsis fraxini (Linn),false_negative,text_extraction_issue,"ynao4s, Payllopsis fraxini (Linn,) - France Wed, Mens, on Fraxinus ornus Ls,",taxon,"add_pattern,taxon_autocorrector",
2020_Gjonov_New_records_of_Hemiptera_from_the_Maltese_Islands_Cacopsylla_pruni_Malta_copie,NA,pentatomid,false_negative,unknown_lexeme,"Since then, two mirids, a pyrrhocorid and a pentatomid were also added to the Maltese fauna",habitat,add_lexeme,
1955_Tamanini_Cacopsylla_pruni_Italie_première_identification_translation,Perigea,Perigea conducta,too_narrow,unknown_lexeme,Perigea conducta Wik. (Caradrina conducta Wik.),taxon,add_lexeme,
1955_Tamanini_Cacopsylla_pruni_Italie_première_identification_translation,NA,Peylla pyri,false_negative,text_extraction_issue,"Peylla pyri (Linn, «Trentino, Aldeno, on Pirus communis L., VII-1943; ",taxon,"add_pattern,taxon_autocorrector",
1955_Tamanini_Cacopsylla_pruni_Italie_première_identification_translation,NA,Peylla pyri (Linn),false_negative,text_extraction_issue," Cee in central European countries ¢ northern, sons: & + Peylla pyri ",taxon,"add_pattern,taxon_autocorrector",
1955_Tamanini_Cacopsylla_pruni_Italie_première_identification_translation,NA,Peylla pyricola Foret,false_negative,text_extraction_issue,"Peylla pyricola Foret,. France wed., Mens, on Pirus communis L .",taxon,"add_pattern,taxon_autocorrector",
1955_Tamanini_Cacopsylla_pruni_Italie_première_identification_translation,NA,Pirus co: mmunis L,false_negative,text_extraction_issue,"Psylla pyri (Linn.) Trentino, Aldeno, on Pirus co: mmunis L",,taxon_autocorrector,
1955_Tamanini_Cacopsylla_pruni_Italie_première_identification_translation,NA,Pirus communis L ,false_negative,unknown_lexeme,"siderarsi dul! Italy. Peylla pyricola Foret,. France wed., Mens, on Pirus communis L ",taxon,add_lexeme,
1955_Tamanini_Cacopsylla_pruni_Italie_première_identification_translation,NA,Pirus communis L.,false_negative,unknown_lexeme,,taxon,add_lexeme,
1955_Tamanini_Cacopsylla_pruni_Italie_première_identification_translation,NA,"Pirus communis L., VII-1943",false_negative,unknown_lexeme,"Peylla pyri (Linn, «Trentino, Aldeno, on Pirus communis L., VII-1943; ",taxon,add_lexeme,
2020_Gjonov_New_records_of_Hemiptera_from_the_Maltese_Islands_Cacopsylla_pruni_Malta_copie,Planchonia ,Planchonia arabidis Signoret,too_narrow,unknown_lexeme,"Tachycixius pilosus (Olivier) and Toya ibiturca Asche), and a new record for both the suborder Heteroptera (Plea minutissima (Leach)) and the suborder Sternorrhyncha (Planchonia arabidis Signoret)",taxon,add_lexeme,
2020_Gjonov_New_records_of_Hemiptera_from_the_Maltese_Islands_Cacopsylla_pruni_Malta_copie,Plea minutissima,Plea minutissima (Leach),too_narrow,NA,"Tachycixius pilosus (Olivier) and Toya ibiturca Asche), and a new record for both the suborder Heteroptera (Plea minutissima (Leach)) and the suborder Sternorrhyncha (Planchonia arabidis Signoret)",habitat,,
1919_Horwood_blackthorn_Cacopsylla_pruni_UK_translation,NA,Pliny,false_negative,pattern_recognition,"Prunus, Pliny, is Latin for plum-tree",habitat,,
1919_Horwood_blackthorn_Cacopsylla_pruni_UK_translation,NA,Plowrightia,false_negative,NA,"Many larger fungi grow on it: Stereum, Podosphera, Eutypella, Polystigma, Plowrightia, Polyporus, Hypocmis, Entomospo- rium, Corynum, Cladosporium.",taxon,,
1919_Horwood_blackthorn_Cacopsylla_pruni_UK_translation,NA,Podosphera,false_negative,NA,"Many larger fungi grow on it: Stereum, Podosphera, Eutypella, Polystigma, Plowrightia, Polyporus, Hypocmis, Entomospo- rium, Corynum, Cladosporium.",taxon,,
1955_Tamanini_Cacopsylla_pruni_Italie_première_identification_translation,Polygonum fagopyrum,Polygonum fagopyrum L,too_narrow,NA,"None Val Genova, Todesca, on 'Lis (Weber et Mohr) - Trentino,; x Aphalara erie ee trentino, Molveno, on Polygonum fagopyrum L",taxon,,
1919_Horwood_blackthorn_Cacopsylla_pruni_UK_translation,NA,Polyporus,false_negative,NA,"Many larger fungi grow on it: Stereum, Podosphera, Eutypella, Polystigma, Plowrightia, Polyporus, Hypocmis, Entomospo- rium, Corynum, Cladosporium.",taxon,,
1919_Horwood_blackthorn_Cacopsylla_pruni_UK_translation,NA,Polystigma,false_negative,NA,"Many larger fungi grow on it: Stereum, Podosphera, Eutypella, Polystigma, Plowrightia, Polyporus, Hypocmis, Entomospo- rium, Corynum, Cladosporium.",taxon,,
1919_Horwood_blackthorn_Cacopsylla_pruni_UK_translation,Prunus spinosa,"Prunus spinosa, L.",too_narrow,unknown_lexeme,"Blackthorn (Prunus spinosa, L.) Preglacial, Interglacial, and Neolithic beds have yielded evidence of the carly occurrence of this plant in Britain.",taxon,add_lexeme,
1919_Horwood_blackthorn_Cacopsylla_pruni_UK_translation,Prunus spinosa,"Prunus spinosa, L.",too-narrow,unknown_lexeme,"Prunus spinosa, L.—Shrubby, stems woody, branched, twigs zigzag, spinose, black, leaves elliptical, narrow, downy below, after the flowers; flowers white, 1-2, peduncle glabrous, fruit globose.",taxon,add_lexeme,
1919_Horwood_blackthorn_Cacopsylla_pruni_UK_translation,Prunus spinosa,"Prunus spinosa, L.",too narrow,unknown_lexeme,"The name Sloe for the fruit is extended to the plant itself, BLACKTHORN (Prunus spinosa, L.) ",taxon,add_lexeme,
1919_Horwood_blackthorn_Cacopsylla_pruni_UK_translation,Prunus spinosa,"Prunus spinosa, La",too_narrow,unknown_lexeme,"The BLACKTHORN (Prunus spinosa, La) anthers have not yet opened, and are bent down towards the centre The stigma is already receptive, and projects.",taxon,add_lexeme,
1955_Tamanini_Cacopsylla_pruni_Italie_première_identification_translation,NA,Pseudoscorpion,false_negative,NA,Pseudoscorpion,habitat,,
1955_Tamanini_Cacopsylla_pruni_Italie_première_identification_translation,NA,PSILLIDI,false_negative,foreign_lexeme,Livio TAMANINI SOME NEW FINDS OF ITALIAN AND FRENCH PSILLIDI,habitat,foreign_pattern_translation,
1955_Tamanini_Cacopsylla_pruni_Italie_première_identification_translation,NA,Psyiiiae,false_negative,text_extraction_issue, Fam. Psyiiiae Haupt. ,habitat,taxon_autocorrector,
1955_Tamanini_Cacopsylla_pruni_Italie_première_identification_translation,NA,Psylids,false_negative,text_extraction_issue,"Some new finds of Italian and French Psylids. (Homoptera, Psyllina).",habitat,taxon_autocorrector,
1955_Tamanini_Cacopsylla_pruni_Italie_première_identification_translation,Psylla alni,Psylla alni (Linn.),too_narrow,unknown_lexeme,"Psylla alni (Linn.) - Trentino, Kovereto, on Alnus sp., VI-1951; ",taxon,add_lexeme,
1955_Tamanini_Cacopsylla_pruni_Italie_première_identification_translation,Psylla alni,Psylla alni (Linn.),too_narrow,unknown_lexeme,"Psylla alni (Linn.) - Trentino, Kovereto, on Alnus sp., VI-1951; ",taxon,add_lexeme,
1955_Tamanini_Cacopsylla_pruni_Italie_première_identification_translation,Psylla,Psylla alpina Férst.,too_narrow,unknown_lexeme," Psylla alpina Férst. - Trentino, Val Genova, Malga Cercen, on Alnus viridis Delc., 111-1951; numerous specimens.",taxon,add_lexeme,
1955_Tamanini_Cacopsylla_pruni_Italie_première_identification_translation,Psylla,Psylla alpina Férst.,too_narrow,unknown_lexeme," Psylla alpina Férst. - Trentino, Val Genova, Malga Cercen, on Alnus viridis Delc., 111-1951; numerous specimens.",taxon,add_lexeme,
1955_Tamanini_Cacopsylla_pruni_Italie_première_identification_translation,Psylla,Psylla crataegi,too_narrow,unknown_lexeme,easily confused with the pre- oF Psylla crataegi (Schrk.),taxon,"add_pattern,taxon_autocorrector",
1955_Tamanini_Cacopsylla_pruni_Italie_première_identification_translation,Psylla,Psylla crataegi (Schrk.) ,too_narrow,unknown_lexeme,easily confused with the pre- oF Psylla crataegi (Schrk.),taxon,add_lexeme,
1919_Horwood_blackthorn_Cacopsylla_pruni_UK_translation,Psylla,Psylla pruni,too_narrow,unknown_lexeme,"Otiorhynchus picipes, Monochetus sulcatus, Magdalinus prani, Rhynchites auratus, the Hymenopterous insects Andrena bucephala, Eriocampa adumbrata, Lepidoptera Black — Hairstreak (Thecla pruni), Scarlet T (Callimorpha dominula), Vellow Tail Moth (Liparis auriflua), Grey Dagger (Aeronyata psi), White-lewter Hair- streak (Thecla W. album), Brown Hairstreak (7: detule), Short-cloaked Moth (Nola cucullatella), &c., and the Homopterous Capsus capilZaris",taxon,"add_pattern,taxon_autocorrector",
1955_Tamanini_Cacopsylla_pruni_Italie_première_identification_translation,NA,Psyllina,false_negative,foreign_lexeme,"(Homoptera, Psyllina) ",habitat,foreign_pattern_translation,
1955_Tamanini_Cacopsylla_pruni_Italie_première_identification_translation,NA,Psyllina,false_negative,foreign_lexeme,"Some new finds of Italian and French Psylids. (Homoptera, Psyllina).",habitat,foreign_pattern_translation,
1919_Horwood_blackthorn_Cacopsylla_pruni_UK_translation,NA,Puccinia pruni,false_negative,NA,"A fungus, Puccinia pruni, causes early fall of the leaf.",taxon,,
2020_Gjonov_New_records_of_Hemiptera_from_the_Maltese_Islands_Cacopsylla_pruni_Malta_copie,NA,pyrrhocorid,false_negative,unknown_lexeme,"Since then, two mirids, a pyrrhocorid and a pentatomid were also added to the Maltese fauna",habitat,add_lexeme,
1919_Horwood_blackthorn_Cacopsylla_pruni_UK_translation,NA,Quick Scrog,false_negative,pattern_recognition,"Blackberry, Blackthorn, Blackthorn-May, Buckthorn, Bullens, Bullies, Bullins, Bullister, Cat's-sloes, Eggpeg Bushes, Hedge Picks, Hedge Speaks, Heg Peg Bushes, Hep, Winter Kecksies, May Blackthorn, Quick Scrog, Skig Slaathorn, Slacen-bush, Slan, Slaunbush, 5 ion, Slone Bloom, Sloobush, Slines, Snag, Snagbush, Winter Picks",habitat,,
2020_Gjonov_New_records_of_Hemiptera_from_the_Maltese_Islands_Cacopsylla_pruni_Malta_copie,Reptalus,Reptalus quinquecostatus ,too_narrow,unknown_lexeme,"Paralimnus phragmitis (Boheman), Reptalus quinquecostatus (Dufour), Tachycixius pilosus (Olivier)",taxon,"add_pattern,taxon_autocorrector",
2020_Gjonov_New_records_of_Hemiptera_from_the_Maltese_Islands_Cacopsylla_pruni_Malta_copie,Reptalus,"Reptalus quinquecostatus (Dufour),",false_negative,unknown_lexeme,"Paralimnus phragmitis (Boheman), Reptalus quinquecostatus (Dufour), Tachycixius pilosus (Olivier)",taxon,add_lexeme,
1919_Horwood_blackthorn_Cacopsylla_pruni_UK_translation,Rhynchites,Rhynchites auratus,too_narrow,unknown_lexeme,"Otiorhynchus picipes, Monochetus sulcatus, Magdalinus prani, Rhynchites auratus, the Hymenopterous insects Andrena bucephala, Eriocampa adumbrata, Lepidoptera Black — Hairstreak (Thecla pruni), Scarlet T (Callimorpha dominula), Vellow Tail Moth (Liparis auriflua), Grey Dagger (Aeronyata psi), White-lewter Hair- streak (Thecla W. album), Brown Hairstreak (7: detule), Short-cloaked Moth (Nola cucullatella), &c., and the Homopterous Capsus capilZaris",taxon,"add_pattern,taxon_autocorrector",
1955_Tamanini_Cacopsylla_pruni_Italie_première_identification_translation,NA,Rhynchota,false_negative,NA,Rhynchota-Homoptera ,taxon,,
1919_Horwood_blackthorn_Cacopsylla_pruni_UK_translation,NA,ROADSIDES,false_negative,case_sensitivity,158 FLOWERS OF THE ROADSIDES AND HEDGES ,habitat,"case_sensitivity,concept_addition",
1919_Horwood_blackthorn_Cacopsylla_pruni_UK_translation,Rubus fruticosus,Rubus rusticanus,too_narrow,"pattern_recognition,anaphora","(Rubus fruticosus (= rusticanus, Merc.)) ",taxon,,
1919_Horwood_blackthorn_Cacopsylla_pruni_UK_translation,NA,Scarlet T,false_negative,unknown_lexeme,"Otiorhynchus picipes, Monochetus sulcatus, Magdalinus prani, Rhynchites auratus, the Hymenopterous insects Andrena bucephala, Eriocampa adumbrata, Lepidoptera Black — Hairstreak (Thecla pruni), Scarlet T (Callimorpha dominula), Vellow Tail Moth (Liparis auriflua), Grey Dagger (Aeronyata psi), White-lewter Hair- streak (Thecla W. album), Brown Hairstreak (7: detule), Short-cloaked Moth (Nola cucullatella), &c., and the Homopterous Capsus capilZaris",taxon,"add_pattern,taxon_autocorrector",
1919_Horwood_blackthorn_Cacopsylla_pruni_UK_translation,NA,Short-cloaked Moth,false_negative,unknown_lexeme,"Otiorhynchus picipes, Monochetus sulcatus, Magdalinus prani, Rhynchites auratus, the Hymenopterous insects Andrena bucephala, Eriocampa adumbrata, Lepidoptera Black — Hairstreak (Thecla pruni), Scarlet T (Callimorpha dominula), Vellow Tail Moth (Liparis auriflua), Grey Dagger (Aeronyata psi), White-lewter Hair- streak (Thecla W. album), Brown Hairstreak (7: detule), Short-cloaked Moth (Nola cucullatella), &c., and the Homopterous Capsus capilZaris",taxon,add_lexeme,
1919_Horwood_blackthorn_Cacopsylla_pruni_UK_translation,NA,Skig Slaathorn,false_negative,pattern_recognition,"Blackberry, Blackthorn, Blackthorn-May, Buckthorn, Bullens, Bullies, Bullins, Bullister, Cat's-sloes, Eggpeg Bushes, Hedge Picks, Hedge Speaks, Heg Peg Bushes, Hep, Winter Kecksies, May Blackthorn, Quick Scrog, Skig Slaathorn, Slacen-bush, Slan, Slaunbush, 5 ion, Slone Bloom, Sloobush, Slines, Snag, Snagbush, Winter Picks",habitat,,
1919_Horwood_blackthorn_Cacopsylla_pruni_UK_translation,NA,Slacen-bush,false_negative,pattern_recognition,"Blackberry, Blackthorn, Blackthorn-May, Buckthorn, Bullens, Bullies, Bullins, Bullister, Cat's-sloes, Eggpeg Bushes, Hedge Picks, Hedge Speaks, Heg Peg Bushes, Hep, Winter Kecksies, May Blackthorn, Quick Scrog, Skig Slaathorn, Slacen-bush, Slan, Slaunbush, 5 ion, Slone Bloom, Sloobush, Slines, Snag, Snagbush, Winter Picks",habitat,,
1919_Horwood_blackthorn_Cacopsylla_pruni_UK_translation,NA,Slan,false_negative,pattern_recognition,"Blackberry, Blackthorn, Blackthorn-May, Buckthorn, Bullens, Bullies, Bullins, Bullister, Cat's-sloes, Eggpeg Bushes, Hedge Picks, Hedge Speaks, Heg Peg Bushes, Hep, Winter Kecksies, May Blackthorn, Quick Scrog, Skig Slaathorn, Slacen-bush, Slan, Slaunbush, 5 ion, Slone Bloom, Sloobush, Slines, Snag, Snagbush, Winter Picks",habitat,,
1919_Horwood_blackthorn_Cacopsylla_pruni_UK_translation,NA,Slaunbush,false_negative,pattern_recognition,"Blackberry, Blackthorn, Blackthorn-May, Buckthorn, Bullens, Bullies, Bullins, Bullister, Cat's-sloes, Eggpeg Bushes, Hedge Picks, Hedge Speaks, Heg Peg Bushes, Hep, Winter Kecksies, May Blackthorn, Quick Scrog, Skig Slaathorn, Slacen-bush, Slan, Slaunbush, 5 ion, Slone Bloom, Sloobush, Slines, Snag, Snagbush, Winter Picks",habitat,,
1919_Horwood_blackthorn_Cacopsylla_pruni_UK_translation,NA,Slines,false_negative,pattern_recognition,"Blackberry, Blackthorn, Blackthorn-May, Buckthorn, Bullens, Bullies, Bullins, Bullister, Cat's-sloes, Eggpeg Bushes, Hedge Picks, Hedge Speaks, Heg Peg Bushes, Hep, Winter Kecksies, May Blackthorn, Quick Scrog, Skig Slaathorn, Slacen-bush, Slan, Slaunbush, 5 ion, Slone Bloom, Sloobush, Slines, Snag, Snagbush, Winter Picks",habitat,,
1919_Horwood_blackthorn_Cacopsylla_pruni_UK_translation,NA,Sloe,false_negative,"pattern_recognition,anaphora","The Sloe is at home on sand soil, and is a sand plant, but is also a lime plant, loving limestone, and a humus-loving plant requiring humus soil. ",habitat,,"In ""The Sloe [...] is a sand plant"" the name of the plant, even if previously unknown to the ontology, should be recognised via the sentence pattern (in this case including an anaphora)."
1919_Horwood_blackthorn_Cacopsylla_pruni_UK_translation,NA,Sloe,false_negative,"text_extraction_issue,unknown_lexeme",The name Sloe for the fruit is extended to the plant itself,habitat,"add_pattern,taxon_autocorrector",
1919_Horwood_blackthorn_Cacopsylla_pruni_UK_translation,NA,Sloe,false_negative,unknown_lexeme,The Sloe is so common a wayside plant as scarcely to need description,habitat,"add_pattern,taxon_autocorrector",
1919_Horwood_blackthorn_Cacopsylla_pruni_UK_translation,NA,Sloe,false_negative,unknown_lexeme,The Sloe has the shrub habit. ,habitat,"add_pattern,taxon_autocorrector",
1919_Horwood_blackthorn_Cacopsylla_pruni_UK_translation,NA,Sloe,false_negative,unknown_lexeme,The Sloe is a deciduous shrub,habitat,"add_pattern,taxon_autocorrector",
1919_Horwood_blackthorn_Cacopsylla_pruni_UK_translation,NA,sloes,false_negative,unknown_lexeme,sloes are recommended for fences,habitat,"add_pattern,taxon_autocorrector",
1919_Horwood_blackthorn_Cacopsylla_pruni_UK_translation,NA,Slone Bloom,false_negative,pattern_recognition,"Blackberry, Blackthorn, Blackthorn-May, Buckthorn, Bullens, Bullies, Bullins, Bullister, Cat's-sloes, Eggpeg Bushes, Hedge Picks, Hedge Speaks, Heg Peg Bushes, Hep, Winter Kecksies, May Blackthorn, Quick Scrog, Skig Slaathorn, Slacen-bush, Slan, Slaunbush, 5 ion, Slone Bloom, Sloobush, Slines, Snag, Snagbush, Winter Picks",habitat,,
1919_Horwood_blackthorn_Cacopsylla_pruni_UK_translation,NA,Sloobush,false_negative,pattern_recognition,"Blackberry, Blackthorn, Blackthorn-May, Buckthorn, Bullens, Bullies, Bullins, Bullister, Cat's-sloes, Eggpeg Bushes, Hedge Picks, Hedge Speaks, Heg Peg Bushes, Hep, Winter Kecksies, May Blackthorn, Quick Scrog, Skig Slaathorn, Slacen-bush, Slan, Slaunbush, 5 ion, Slone Bloom, Sloobush, Slines, Snag, Snagbush, Winter Picks",habitat,,
1919_Horwood_blackthorn_Cacopsylla_pruni_UK_translation,NA,Snag,false_negative,pattern_recognition,"Blackberry, Blackthorn, Blackthorn-May, Buckthorn, Bullens, Bullies, Bullins, Bullister, Cat's-sloes, Eggpeg Bushes, Hedge Picks, Hedge Speaks, Heg Peg Bushes, Hep, Winter Kecksies, May Blackthorn, Quick Scrog, Skig Slaathorn, Slacen-bush, Slan, Slaunbush, 5 ion, Slone Bloom, Sloobush, Slines, Snag, Snagbush, Winter Picks",habitat,,
1919_Horwood_blackthorn_Cacopsylla_pruni_UK_translation,NA,Snagbush,false_negative,pattern_recognition,"Blackberry, Blackthorn, Blackthorn-May, Buckthorn, Bullens, Bullies, Bullins, Bullister, Cat's-sloes, Eggpeg Bushes, Hedge Picks, Hedge Speaks, Heg Peg Bushes, Hep, Winter Kecksies, May Blackthorn, Quick Scrog, Skig Slaathorn, Slacen-bush, Slan, Slaunbush, 5 ion, Slone Bloom, Sloobush, Slines, Snag, Snagbush, Winter Picks",habitat,,
2012_Ozgen_Psyllids_Anatolie_translation,Spanioneura ,Spanioneura pechai ,too_narrow,unknown_lexeme,"These species were Cyamophila glycyrrhizae (Becker, 1864), Spanioneura pechai (Klimaszewski &Lodos, 1977), Homotoma ficus (Linnaeus, 1758), Euphyllura straminea Loginova, 1973,Trioza magnisetosa Loginova, 1964, Aphalara grandicula (Gegechkori, 1981), Trioza neglecta Loginova, 1978, Trioza remota Foerster, 1848, Cacopsylla permixta Burckhardt & Hodkinson, 1986, Cacopsylla bidens (Sulc, 1907), Cacopsylla marianne (Baeva, 1966), and Agonoscena pistaciae Burckhardt & Lauterer, 1989",taxon,add_lexeme,
1919_Horwood_blackthorn_Cacopsylla_pruni_UK_translation,NA,Spindle,false_negative,unknown_lexeme,"It is found not only by the highway, with Spindle, Maple, Crab, Hawthorn, Cornel, and Elder, but also in the hedgerows, in fields, and in woods",habitat,"add_pattern,taxon_autocorrector",
1919_Horwood_blackthorn_Cacopsylla_pruni_UK_translation,NA,stalk,false_negative,NA,"vary considerably in form, in the acuteness of the leaf, and in the length of the stalk.",habitat,,
1919_Horwood_blackthorn_Cacopsylla_pruni_UK_translation,NA,stalks,false_negative,NA,the stalks solitary or in pairs,habitat,,
1919_Horwood_blackthorn_Cacopsylla_pruni_UK_translation,NA,stamens,false_negative,NA,"The stamens become erect, and bend outwards",habitat,,
1919_Horwood_blackthorn_Cacopsylla_pruni_UK_translation,NA,stamens,false_negative,NA,"from the inflection of the stamens toward the centre above the stigma, causing pollen to fall on the latter.",habitat,,
1919_Horwood_blackthorn_Cacopsylla_pruni_UK_translation,NA,Stereum,false_negative,NA,"Many larger fungi grow on it: Stereum, Podosphera, Eutypella, Polystigma, Plowrightia, Polyporus, Hypocmis, Entomospo- rium, Corynum, Cladosporium.",taxon,,
2020_Gjonov_New_records_of_Hemiptera_from_the_Maltese_Islands_Cacopsylla_pruni_Malta_copie,NA,Sternorryncha,false_negative,NA,The Sternorryncha of the Maltese Islands is represented by 99 aphids,taxon,,
2020_Gjonov_New_records_of_Hemiptera_from_the_Maltese_Islands_Cacopsylla_pruni_Malta_copie,NA,Sternorryncha,false_negative,unknown_lexeme,"Auchenorrhyncha, Heteroptera, Sternorryncha, new records, Mediterranean.",taxon,add_lexeme,
2020_Gjonov_New_records_of_Hemiptera_from_the_Maltese_Islands_Cacopsylla_pruni_Malta_copie,NA,Sternorryncha,false_negative,unknown_lexeme,"The group is represented by three suborders, Auchenorrhyncha, Heteroptera and Sternorryncha. ",taxon,add_lexeme,
1919_Horwood_blackthorn_Cacopsylla_pruni_UK_translation,NA,stone,false_negative,polysemy,"The fruit is a drupe, the flesh adhering to the stone, round. ",habitat,,
1919_Horwood_blackthorn_Cacopsylla_pruni_UK_translation,NA,stone,false_negative,polysemy," the three forming the pericarp, the seed being the kernel within the stone.",habitat,,
1919_Horwood_blackthorn_Cacopsylla_pruni_UK_translation,stony ,stony endocarp,too_narrow,NA,"When the carpel becomes the fruit the layers are three, the skin or epicarp, the flesh or mesocarp, and the inner stony endocarp, ",habitat,,
1919_Horwood_blackthorn_Cacopsylla_pruni_UK_translation,NA,Syrphide,false_negative,NA,"Syrphide, Muscidae, Bibionid",habitat,,
2020_Gjonov_New_records_of_Hemiptera_from_the_Maltese_Islands_Cacopsylla_pruni_Malta_copie,Tachycixius pilosus,Tachycixius pilosus (Olivier),false_negative,unknown_lexeme,"Paralimnus phragmitis (Boheman), Reptalus quinquecostatus (Dufour), Tachycixius pilosus (Olivier)",taxon,add_lexeme,
1919_Horwood_blackthorn_Cacopsylla_pruni_UK_translation,Thecla,Thecla pruni,too_narrow,unknown_lexeme,"Otiorhynchus picipes, Monochetus sulcatus, Magdalinus prani, Rhynchites auratus, the Hymenopterous insects Andrena bucephala, Eriocampa adumbrata, Lepidoptera Black — Hairstreak (Thecla pruni), Scarlet T (Callimorpha dominula), Vellow Tail Moth (Liparis auriflua), Grey Dagger (Aeronyata psi), White-lewter Hair- streak (Thecla W. album), Brown Hairstreak (7: detule), Short-cloaked Moth (Nola cucullatella), &c., and the Homopterous Capsus capilZaris",taxon,add_lexeme,
1919_Horwood_blackthorn_Cacopsylla_pruni_UK_translation,Thecla,Thecla W. album,too_narrow,unknown_lexeme,"Otiorhynchus picipes, Monochetus sulcatus, Magdalinus prani, Rhynchites auratus, the Hymenopterous insects Andrena bucephala, Eriocampa adumbrata, Lepidoptera Black — Hairstreak (Thecla pruni), Scarlet T (Callimorpha dominula), Vellow Tail Moth (Liparis auriflua), Grey Dagger (Aeronyata psi), White-lewter Hair- streak (Thecla W. album), Brown Hairstreak (7: detule), Short-cloaked Moth (Nola cucullatella), &c., and the Homopterous Capsus capilZaris",taxon,add_lexeme,
1919_Horwood_blackthorn_Cacopsylla_pruni_UK_translation,NA,Tom Thumb Vetchling,false_negative,unknown_lexeme,"Yellow Tar, Yellow Fitchling, Lady’s Fingers, Mouse Pea, Crawpea, Tom Thumb Vetchling. ",habitat,add_lexeme,
2020_Gjonov_New_records_of_Hemiptera_from_the_Maltese_Islands_Cacopsylla_pruni_Malta_copie,Toya,Toya ibiturca Asche,too_narrow,unknown_lexeme,"Reptalus quinquecostatus (Dufour), Tachycixius pilosus (Olivier) and Toya ibiturca Asche), and a new record for both the suborder Heteroptera (Plea minutissima (Leach)) and the suborder Sternorrhyncha (Planchonia arabidis Signoret).",taxon,add_lexeme,
2012_Ozgen_Psyllids_Anatolie_translation,Trioza,Trioza magnisetosa,too_narrow,unknown_lexeme,"These species were Cyamophila glycyrrhizae (Becker, 1864), Spanioneura pechai (Klimaszewski &Lodos, 1977), Homotoma ficus (Linnaeus, 1758), Euphyllura straminea Loginova, 1973,Trioza magnisetosa Loginova, 1964, Aphalara grandicula (Gegechkori, 1981), Trioza neglecta Loginova, 1978, Trioza remota Foerster, 1848, Cacopsylla permixta Burckhardt & Hodkinson, 1986, Cacopsylla bidens (Sulc, 1907), Cacopsylla marianne (Baeva, 1966), and Agonoscena pistaciae Burckhardt & Lauterer, 1989",taxon,add_lexeme,
2012_Ozgen_Psyllids_Anatolie_translation,Trioza,"Trioza magnisetosa Loginova, 1964",too_narrow,unknown_lexeme,"These species were Cyamophila glycyrrhizae (Becker, 1864), Spanioneura pechai (Klimaszewski &Lodos, 1977), Homotoma ficus (Linnaeus, 1758), Euphyllura straminea Loginova, 1973,Trioza magnisetosa Loginova, 1964, Aphalara grandicula (Gegechkori, 1981), Trioza neglecta Loginova, 1978, Trioza remota Foerster, 1848, Cacopsylla permixta Burckhardt & Hodkinson, 1986, Cacopsylla bidens (Sulc, 1907), Cacopsylla marianne (Baeva, 1966), and Agonoscena pistaciae Burckhardt & Lauterer, 1989",taxon,add_lexeme,
2012_Ozgen_Psyllids_Anatolie_translation,Trioza,Trioza neglecta Loginova,too_narrow,unknown_lexeme,"These species were Cyamophila glycyrrhizae (Becker, 1864), Spanioneura pechai (Klimaszewski &Lodos, 1977), Homotoma ficus (Linnaeus, 1758), Euphyllura straminea Loginova, 1973,Trioza magnisetosa Loginova, 1964, Aphalara grandicula (Gegechkori, 1981), Trioza neglecta Loginova, 1978, Trioza remota Foerster, 1848, Cacopsylla permixta Burckhardt & Hodkinson, 1986, Cacopsylla bidens (Sulc, 1907), Cacopsylla marianne (Baeva, 1966), and Agonoscena pistaciae Burckhardt & Lauterer, 1989",taxon,add_lexeme,
2012_Ozgen_Psyllids_Anatolie_translation,Trioza,"Trioza neglecta Loginova, 1978",too_narrow,unknown_lexeme,"These species were Cyamophila glycyrrhizae (Becker, 1864), Spanioneura pechai (Klimaszewski &Lodos, 1977), Homotoma ficus (Linnaeus, 1758), Euphyllura straminea Loginova, 1973,Trioza magnisetosa Loginova, 1964, Aphalara grandicula (Gegechkori, 1981), Trioza neglecta Loginova, 1978, Trioza remota Foerster, 1848, Cacopsylla permixta Burckhardt & Hodkinson, 1986, Cacopsylla bidens (Sulc, 1907), Cacopsylla marianne (Baeva, 1966), and Agonoscena pistaciae Burckhardt & Lauterer, 1989",taxon,add_lexeme,
1919_Horwood_blackthorn_Cacopsylla_pruni_UK_translation,NA,undergrowth,false_negative,unknown_lexeme,It forms some part also of the undergrowth in woods and plantations,habitat,"add_pattern,taxon_autocorrector",
1955_Tamanini_Cacopsylla_pruni_Italie_première_identification_translation,Urtica urens,Urtica dioica L.,too_narrow,discontinued_entity_coordination,on Urtica urens and dioica L.,taxon,discontinued_entity_treatement,solution scope: enumeration and coordination
1919_Horwood_blackthorn_Cacopsylla_pruni_UK_translation,NA,Vellow Tail Moth,false_negative,unknown_lexeme,"Otiorhynchus picipes, Monochetus sulcatus, Magdalinus prani, Rhynchites auratus, the Hymenopterous insects Andrena bucephala, Eriocampa adumbrata, Lepidoptera Black — Hairstreak (Thecla pruni), Scarlet T (Callimorpha dominula), Vellow Tail Moth (Liparis auriflua), Grey Dagger (Aeronyata psi), White-lewter Hair- streak (Thecla W. album), Brown Hairstreak (7: detule), Short-cloaked Moth (Nola cucullatella), &c., and the Homopterous Capsus capilZaris",taxon,add_lexeme,
1919_Horwood_blackthorn_Cacopsylla_pruni_UK_translation,NA,White-lewter Hairstreak ,false_negative,unknown_lexeme,"Otiorhynchus picipes, Monochetus sulcatus, Magdalinus prani, Rhynchites auratus, the Hymenopterous insects Andrena bucephala, Eriocampa adumbrata, Lepidoptera Black — Hairstreak (Thecla pruni), Scarlet T (Callimorpha dominula), Vellow Tail Moth (Liparis auriflua), Grey Dagger (Aeronyata psi), White-lewter Hair- streak (Thecla W. album), Brown Hairstreak (7: detule), Short-cloaked Moth (Nola cucullatella), &c., and the Homopterous Capsus capilZaris",taxon,add_lexeme,
1919_Horwood_blackthorn_Cacopsylla_pruni_UK_translation,flowers,wild flowers,too_narrow,NA,It is one of the earliest wild flowers in March and April.,habitat,,
1919_Horwood_blackthorn_Cacopsylla_pruni_UK_translation,NA,Winter Kecksies,false_negative,pattern_recognition,"Blackberry, Blackthorn, Blackthorn-May, Buckthorn, Bullens, Bullies, Bullins, Bullister, Cat's-sloes, Eggpeg Bushes, Hedge Picks, Hedge Speaks, Heg Peg Bushes, Hep, Winter Kecksies, May Blackthorn, Quick Scrog, Skig Slaathorn, Slacen-bush, Slan, Slaunbush, 5 ion, Slone Bloom, Sloobush, Slines, Snag, Snagbush, Winter Picks",habitat,,
1919_Horwood_blackthorn_Cacopsylla_pruni_UK_translation,NA,Winter Picks,false_negative,pattern_recognition,"Blackberry, Blackthorn, Blackthorn-May, Buckthorn, Bullens, Bullies, Bullins, Bullister, Cat's-sloes, Eggpeg Bushes, Hedge Picks, Hedge Speaks, Heg Peg Bushes, Hep, Winter Kecksies, May Blackthorn, Quick Scrog, Skig Slaathorn, Slacen-bush, Slan, Slaunbush, 5 ion, Slone Bloom, Sloobush, Slines, Snag, Snagbush, Winter Picks",habitat,,
1919_Horwood_blackthorn_Cacopsylla_pruni_UK_translation,NA,Yellow Fitchling,false_negative,unknown_lexeme,"Yellow Tar, Yellow Fitchling, Lady’s Fingers, Mouse Pea, Crawpea, Tom Thumb Vetchling. ",habitat,"add_pattern,taxon_autocorrector",New synonym source
1919_Horwood_blackthorn_Cacopsylla_pruni_UK_translation,NA,Yellow Tar,false_negative,unknown_lexeme,"Yellow Tar, Yellow Fitchling, Lady’s Fingers, Mouse Pea, Crawpea, Tom Thumb Vetchling. ",habitat,"add_pattern,taxon_autocorrector",taxon: Lathyrus pratensis